Powder Material,Substrate Material,Beam Radius,P_input (W),v_l (mm/s),Pf_Ts (g/mm),E(j/mm3),Height (um),Depth (um),Width (um),Area (um2),Contact angle,Max Temp,dilution,Meltpool_label
316L,316L,1.4,500,4.23,0.0059,19.20630926,121.41,220.53,810.39,58100,147.4,2349.94,0.64,Undesirable Shape
316L,316L,1.4,500,4.23,0.0071,19.20630926,142.96,243.99,836.94,65200,146.38,2415.41,0.63,Undesirable Shape
316L,316L,1.4,500,4.23,0.0083,19.20630926,163.01,271.87,879.53,72400,144.68,2478.45,0.63,Undesirable Shape
316L,316L,1.4,500,4.23,0.0094,19.20630926,181.97,288.32,909.04,79400,144.81,2538.46,0.61,Undesirable Shape
316L,316L,1.4,500,4.23,0.0106,19.20630926,199.7,304.77,936.84,85900,142.97,2594.89,0.6,Undesirable Shape
316L,316L,1.4,500,4.23,0.0118,19.20630926,216.31,329.93,966.88,92500,141.97,2649.2,0.6,Undesirable Shape
316L,316L,1.4,500,8.46,0.0059,9.603154629,59.14,102.34,516.53,18100,156.67,2045.56,0.63,Undesirable Shape
316L,316L,1.4,500,8.46,0.0071,9.603154629,70.29,120.73,533.79,20200,155.2,2079.81,0.63,Undesirable Shape
316L,316L,1.4,500,8.46,0.0083,9.603154629,79.94,130.02,548.14,22500,151.85,2110.63,0.62,Undesirable Shape
316L,316L,1.4,500,8.46,0.0094,9.603154629,89.23,138.65,559.88,24500,151.79,2140.76,0.61,Undesirable Shape
316L,316L,1.4,500,8.46,0.0106,9.603154629,97.92,150.46,577.68,26600,151.09,2170.17,0.61,Undesirable Shape
316L,316L,1.4,500,8.46,0.0118,9.603154629,105.73,156.9,592.34,28500,148.85,2195.46,0.6,Undesirable Shape
316L,316L,1.4,500,12.69,0.0059,6.402103086,4.05,4.56,122.91,219,169.52,1745.05,0.53,Undesirable Shape
316L,316L,1.4,500,12.69,0.0071,6.402103086,5.27,4.77,122.88,273,172.29,1749.6,0.48,Desirable Shape
316L,316L,1.4,500,12.69,0.0083,6.402103086,6,4.93,123.1,317,171.35,1752.19,0.45,Desirable Shape
316L,316L,1.4,500,12.69,0.0094,6.402103086,6.27,5.11,123,369,171.41,1752.57,0.45,Desirable Shape
316L,316L,1.4,500,12.69,0.0106,6.402103086,6.84,5.31,123.14,421,169.07,1754.38,0.44,Desirable Shape
316L,316L,1.4,500,12.69,0.0118,6.402103086,7.4,5.45,130.48,484,170.07,1756.28,0.42,Desirable Shape
316L,316L,1.4,550,4.23,0.0059,21.12694018,108.5,235.6,903.2,203747,169.1,NaN,0.68,Undesirable Shape
316L,316L,1.4,550,4.23,0.0071,21.12694018,124.5,233.1,1040.9,252964.5,153.5,NaN,0.65,Undesirable Shape
316L,316L,1.4,550,4.23,0.0083,21.12694018,132.4,249.8,972.9,244467.2,161,NaN,0.65,Undesirable Shape
316L,316L,1.4,550,4.23,0.0094,21.12694018,157.7,242,1039.6,274248.6,158.6,NaN,0.61,Undesirable Shape
316L,316L,1.4,550,4.23,0.0106,21.12694018,138.1,204.5,927.4,228620.4,151.1,NaN,0.6,Undesirable Shape
316L,316L,1.4,550,4.23,0.0118,21.12694018,195.2,217.3,1050,321534,143.6,NaN,0.53,Undesirable Shape
316L,316L,1.4,550,4.23,0.013,21.12694018,205.8,197.6,939.8,276483.7,144.5,NaN,0.49,Desirable Shape
316L,316L,1.4,550,4.23,0.0142,21.12694018,188.9,200.5,1040,271810,135.8,NaN,0.51,Undesirable Shape
316L,316L,1.4,550,4.23,0.0154,21.12694018,218.4,223.3,939.8,286715,142.8,NaN,0.51,Undesirable Shape
316L,316L,1.4,550,4.23,0.0165,21.12694018,173.9,190.9,1066.8,285771.1,135.8,NaN,0.52,Undesirable Shape
316L,316L,1.4,550,8.46,0.0059,10.56347009,40.2,142.2,902.4,125146.1,164.8,NaN,0.78,Undesirable Shape
316L,316L,1.4,550,8.46,0.0071,10.56347009,56.5,157.4,843.4,125387.7,159,NaN,0.74,Undesirable Shape
316L,316L,1.4,550,8.46,0.0083,10.56347009,84.7,160.6,812.6,132061.7,162.3,NaN,0.65,Undesirable Shape
316L,316L,1.4,550,8.46,0.0094,10.56347009,82.5,147.6,836.5,125408.5,166.1,NaN,0.64,Undesirable Shape
316L,316L,1.4,550,8.46,0.0106,10.56347009,80.3,142.2,868,143260.7,164.3,NaN,0.64,Undesirable Shape
316L,316L,1.4,550,8.46,0.0118,10.56347009,104.2,97.7,847.2,125158.5,158,NaN,0.48,Desirable Shape
316L,316L,1.4,550,8.46,0.013,10.56347009,140,131.4,862,151044.8,164.4,NaN,0.48,Desirable Shape
316L,316L,1.4,550,8.46,0.0142,10.56347009,133.5,93.3,773.9,123206.7,160.6,NaN,0.41,Desirable Shape
316L,316L,1.4,550,8.46,0.0154,10.56347009,182.3,117.2,806.4,186966.9,119.7,NaN,0.39,Desirable Shape
316L,316L,1.4,550,8.46,0.0165,10.56347009,155.2,66.2,822.3,129970.4,133.6,NaN,0.3,Desirable Shape
316L,316L,1.4,550,12.69,0.0059,7.042313394,83.6,236.7,990.7,221075.6,154.8,NaN,0.74,Undesirable Shape
316L,316L,1.4,550,12.69,0.0071,7.042313394,113.9,217,1003.6,227443.1,161.5,NaN,0.66,Undesirable Shape
316L,316L,1.4,550,12.69,0.0083,7.042313394,162.9,210.6,1005.5,263628.7,146.3,NaN,0.56,Undesirable Shape
316L,316L,1.4,550,12.69,0.0094,7.042313394,187.7,160.6,977.7,242584.7,145,NaN,0.46,Desirable Shape
316L,316L,1.4,550,12.69,0.0106,7.042313394,192,123.7,995.1,229284.2,151.8,NaN,0.39,Desirable Shape
316L,316L,1.4,550,12.69,0.0118,7.042313394,183.4,144.3,992.5,238620,152.8,NaN,0.44,Desirable Shape
316L,316L,1.4,550,12.69,0.013,7.042313394,173.8,155.2,1031.2,259454.4,153.5,NaN,0.47,Desirable Shape
316L,316L,1.4,550,12.69,0.0142,7.042313394,229.1,99.8,1001.1,228048.8,156.1,NaN,0.3,Desirable Shape
316L,316L,1.4,550,12.69,0.0154,7.042313394,259.4,117.2,999.3,274895.2,125,NaN,0.31,Desirable Shape
316L,316L,1.4,550,12.69,0.0165,7.042313394,350.5,92.2,949,327778,110,NaN,0.21,Desirable Shape
316L,316L,1.4,600,4.23,0.0059,23.04757111,150.99,333.94,1076.98,118000,147.04,2761.68,0.69,Undesirable Shape
316L,316L,1.4,600,4.23,0.0071,23.04757111,177.19,358.96,1106.95,129000,146.14,2841.37,0.67,Undesirable Shape
316L,316L,1.4,600,4.23,0.0083,23.04757111,202.1,383.67,1151.91,140000,144.96,2916.19,0.65,Undesirable Shape
316L,316L,1.4,600,4.23,0.0094,23.04757111,225.54,403.54,1179.98,150000,143.37,2989.29,0.64,Undesirable Shape
316L,316L,1.4,600,4.23,0.0106,23.04757111,247.58,438.52,1216.71,160000,143.51,3060.04,0.64,Undesirable Shape
316L,316L,1.4,600,4.23,0.0118,23.04757111,268.48,457.05,1245.6,169000,141.93,3126.96,0.63,Undesirable Shape
316L,316L,1.4,600,8.46,0.0059,11.52378555,110.3,237.02,858.02,66300,155.11,2503.08,0.68,Undesirable Shape
316L,316L,1.4,600,8.46,0.0071,11.52378555,128.96,255.36,885.04,72500,151.89,2562.99,0.66,Undesirable Shape
316L,316L,1.4,600,8.46,0.0083,11.52378555,146.76,272.89,908.35,78600,151.36,2621.99,0.65,Undesirable Shape
316L,316L,1.4,600,8.46,0.0094,11.52378555,163.61,289.06,930.34,84300,147.29,2678.83,0.64,Undesirable Shape
316L,316L,1.4,600,8.46,0.0106,11.52378555,179.33,306.09,959.32,89600,148.34,2733.78,0.63,Undesirable Shape
316L,316L,1.4,600,8.46,0.0118,11.52378555,194.04,321.13,971.77,95000,147.95,2784.49,0.62,Undesirable Shape
316L,316L,1.4,600,12.69,0.0059,7.682523703,77.8,153.3,663.02,32900,157.8,2256.35,0.66,Undesirable Shape
316L,316L,1.4,600,12.69,0.0071,7.682523703,91.12,166.82,678.81,36400,154.17,2302.34,0.65,Undesirable Shape
316L,316L,1.4,600,12.69,0.0083,7.682523703,104.28,179.73,693.12,39600,151.75,2350.31,0.63,Undesirable Shape
316L,316L,1.4,600,12.69,0.0094,7.682523703,114.66,189.53,713.11,42700,150.75,2384.87,0.62,Undesirable Shape
316L,316L,1.4,600,12.69,0.0106,7.682523703,126.32,204.24,729.43,45500,149.7,2428.14,0.62,Undesirable Shape
316L,316L,1.4,600,12.69,0.0118,7.682523703,136.42,213.44,744.75,48400,146.7,2465.07,0.61,Undesirable Shape
316L,316L,1.4,650,4.23,0.0059,24.96820203,191,433.1,1311,567917.8,155.5,NaN,0.69,Undesirable Shape
316L,316L,1.4,650,4.23,0.0071,24.96820203,196.4,408,1270.7,526934.8,144.6,NaN,0.68,Undesirable Shape
316L,316L,1.4,650,4.23,0.0083,24.96820203,199.6,415.6,1296.3,562555.7,143.3,NaN,0.68,Undesirable Shape
316L,316L,1.4,650,4.23,0.0094,24.96820203,218.1,353.7,1231.5,489119.4,143.7,NaN,0.62,Undesirable Shape
316L,316L,1.4,650,4.23,0.0106,24.96820203,320.1,348.3,1313.5,576903.5,140.9,NaN,0.52,Undesirable Shape
316L,316L,1.4,650,4.23,0.0118,24.96820203,284.3,301.6,1203.7,507843,142.1,NaN,0.51,Undesirable Shape
316L,316L,1.4,650,4.23,0.013,24.96820203,291.9,401.2,1295.9,610310,141.4,NaN,0.58,Undesirable Shape
316L,316L,1.4,650,4.23,0.0142,24.96820203,310.3,283.2,1343.9,555860,132.9,NaN,0.48,Desirable Shape
316L,316L,1.4,650,4.23,0.0154,24.96820203,377.6,328.8,1307.1,606618.1,130.2,NaN,0.47,Desirable Shape
316L,316L,1.4,650,4.23,0.0165,24.96820203,403.6,330.9,1242.2,648447.4,118.8,NaN,0.45,Desirable Shape
316L,316L,1.4,650,8.46,0.0059,12.48410102,138.9,348.3,1191.5,398648.4,155.9,NaN,0.71,Undesirable Shape
316L,316L,1.4,650,8.46,0.0071,12.48410102,154.1,355.9,1176.3,385980.8,155.3,NaN,0.7,Undesirable Shape
316L,316L,1.4,650,8.46,0.0083,12.48410102,191,309.2,1189.4,417253.8,137,NaN,0.62,Undesirable Shape
316L,316L,1.4,650,8.46,0.0094,12.48410102,226.3,342.9,1126.9,448683.6,145.6,NaN,0.6,Undesirable Shape
316L,316L,1.4,650,8.46,0.0106,12.48410102,270.1,293.4,1134.9,420592.2,149.7,NaN,0.52,Undesirable Shape
316L,316L,1.4,650,8.46,0.0118,12.48410102,227,329,1183.8,421782.1,145.9,NaN,0.59,Undesirable Shape
316L,316L,1.4,650,8.46,0.013,12.48410102,260.7,289.3,1158.4,449630.9,134.7,NaN,0.53,Undesirable Shape
316L,316L,1.4,650,8.46,0.0142,12.48410102,287,281.5,1064,443205.5,147.9,NaN,0.5,Desirable Shape
316L,316L,1.4,650,8.46,0.0154,12.48410102,332.1,283.3,1126.2,476777.8,119.2,NaN,0.46,Desirable Shape
316L,316L,1.4,650,8.46,0.0165,12.48410102,313.8,298.4,1087.8,484064,134.2,NaN,0.49,Desirable Shape
316L,316L,1.4,650,12.69,0.0059,8.322734011,142.1,239.8,1074.6,286313,152.7,NaN,0.63,Undesirable Shape
316L,316L,1.4,650,12.69,0.0071,8.322734011,120.5,258.2,1024.9,290823.4,155.6,NaN,0.68,Undesirable Shape
316L,316L,1.4,650,12.69,0.0083,8.322734011,149.8,245.2,1016.6,281718.5,154.6,NaN,0.62,Undesirable Shape
316L,316L,1.4,650,12.69,0.0094,8.322734011,178,258.2,1018.5,311249.2,143.8,NaN,0.59,Undesirable Shape
316L,316L,1.4,650,12.69,0.0106,8.322734011,207.3,250.7,1044.1,365907.6,144.8,NaN,0.55,Undesirable Shape
316L,316L,1.4,650,12.69,0.0118,8.322734011,246.4,224.6,1037.8,324079.4,148.8,NaN,0.48,Desirable Shape
316L,316L,1.4,650,12.69,0.013,8.322734011,255,222.6,1095.1,338417.7,155,NaN,0.47,Desirable Shape
316L,316L,1.4,650,12.69,0.0142,8.322734011,240.9,248.5,1055.6,348585.6,126.2,NaN,0.51,Undesirable Shape
316L,316L,1.4,650,12.69,0.0154,8.322734011,268,183.4,1033.9,355073.1,124.7,NaN,0.41,Desirable Shape
316L,316L,1.4,650,12.69,0.0165,8.322734011,262.6,174.7,996.6,322886.1,113,NaN,0.4,Desirable Shape
316L,316L,1.4,700,4.23,0.0059,26.88883296,166.33,418.25,1251.76,175000,149.78,3146.33,0.72,Undesirable Shape
316L,316L,1.4,700,4.23,0.0071,26.88883296,195.06,446.92,1289.35,187000,147.49,3231.49,0.7,Undesirable Shape
316L,316L,1.4,700,4.23,0.0083,26.88883296,222.21,472.18,1325.08,200000,144.91,3314.25,0.68,Undesirable Shape
316L,316L,1.4,700,4.23,0.0094,26.88883296,248.5,503.16,1356.61,212000,144.14,3397.54,0.67,Undesirable Shape
316L,316L,1.4,700,4.23,0.0106,26.88883296,273.03,521.96,1391.47,224000,143.74,3475.99,0.66,Undesirable Shape
316L,316L,1.4,700,4.23,0.0118,26.88883296,296.2,548.38,1423.4,235000,143.94,3550.62,0.65,Undesirable Shape
316L,316L,1.4,700,8.46,0.0059,13.44441648,133.33,326.61,1060.71,113000,151.62,2886.28,0.71,Undesirable Shape
316L,316L,1.4,700,8.46,0.0071,13.44441648,156.41,350.51,1086.12,122000,151.19,2964.19,0.69,Undesirable Shape
316L,316L,1.4,700,8.46,0.0083,13.44441648,178.16,371.32,1109.07,131000,151.21,3036.85,0.68,Undesirable Shape
316L,316L,1.4,700,8.46,0.0094,13.44441648,198.73,392.15,1142.7,139000,149.85,3108.4,0.66,Undesirable Shape
316L,316L,1.4,700,8.46,0.0106,13.44441648,217.89,411.12,1166.89,146000,147.72,3176.93,0.65,Undesirable Shape
316L,316L,1.4,700,8.46,0.0118,13.44441648,235.95,428.11,1187.98,153000,146.56,3242.14,0.64,Undesirable Shape
316L,316L,1.4,700,12.69,0.0059,8.96294432,110.7,245.8,890.03,71600,153.83,2649.71,0.69,Undesirable Shape
316L,316L,1.4,700,12.69,0.0071,8.96294432,129.02,264.11,919.25,77400,154.64,2715.33,0.67,Undesirable Shape
316L,316L,1.4,700,12.69,0.0083,8.96294432,147.4,282.14,932.1,83500,151.63,2782.61,0.66,Undesirable Shape
316L,316L,1.4,700,12.69,0.0094,8.96294432,163.66,297.91,958.4,89000,150.52,2842.89,0.65,Undesirable Shape
316L,316L,1.4,700,12.69,0.0106,8.96294432,179.25,313.13,982,94200,149.84,2902.75,0.64,Undesirable Shape
316L,316L,1.4,700,12.69,0.0118,8.96294432,193.92,327.64,1003.25,99500,148.61,2959.33,0.63,Undesirable Shape
316L,316L,1.4,750,4.23,0.0059,28.80946389,274.5,514.3,1342.8,759697.4,136.1,NaN,0.65,Undesirable Shape
316L,316L,1.4,750,4.23,0.0071,28.80946389,263.7,501.3,1378.4,757539.1,147.1,NaN,0.66,Undesirable Shape
316L,316L,1.4,750,4.23,0.0083,28.80946389,278.9,515.4,1455.2,824867.1,144.2,NaN,0.65,Undesirable Shape
316L,316L,1.4,750,4.23,0.0094,28.80946389,337.4,488.3,1405.5,815577.6,135.4,NaN,0.59,Undesirable Shape
316L,316L,1.4,750,4.23,0.0106,28.80946389,363.5,470.9,1400,832680.9,129.3,NaN,0.56,Undesirable Shape
316L,316L,1.4,750,4.23,0.0118,28.80946389,393.9,401.5,1390.4,782348.9,129.4,NaN,0.5,Desirable Shape
316L,316L,1.4,750,4.23,0.013,28.80946389,408,453.5,1426,854895.1,139.3,NaN,0.53,Undesirable Shape
316L,316L,1.4,750,4.23,0.0142,28.80946389,396,527.3,1540.5,1005835.9,130.5,NaN,0.57,Undesirable Shape
316L,316L,1.4,750,4.23,0.0154,28.80946389,431.8,472,1454.1,986740.9,118,NaN,0.52,Undesirable Shape
316L,316L,1.4,750,4.23,0.0165,28.80946389,495.8,449.2,1407.6,990878.4,140.4,NaN,0.48,Desirable Shape
316L,316L,1.4,750,8.46,0.0059,14.40473194,175.8,394.9,1192.5,448633.1,151.3,NaN,0.69,Undesirable Shape
316L,316L,1.4,750,8.46,0.0071,14.40473194,176.9,375.4,1175.2,421962.4,158,NaN,0.68,Undesirable Shape
316L,316L,1.4,750,8.46,0.0083,14.40473194,194.2,337.6,1182.8,456004.7,131,NaN,0.63,Undesirable Shape
316L,316L,1.4,750,8.46,0.0094,14.40473194,217,351.5,1169.8,431281.1,141.5,NaN,0.62,Undesirable Shape
316L,316L,1.4,750,8.46,0.0106,14.40473194,223.5,343.9,1159,451898.7,127.3,NaN,0.61,Undesirable Shape
316L,316L,1.4,750,8.46,0.0118,14.40473194,215.9,270.2,1154.6,378361.5,158.5,NaN,0.56,Undesirable Shape
316L,316L,1.4,750,8.46,0.013,14.40473194,299.5,285.4,1136.4,467197.5,121.6,NaN,0.49,Desirable Shape
316L,316L,1.4,750,8.46,0.0142,14.40473194,299.5,331,1118.9,451169.6,133.3,NaN,0.52,Undesirable Shape
316L,316L,1.4,750,8.46,0.0154,14.40473194,358.1,290.8,1069.2,504112.1,109.9,NaN,0.45,Desirable Shape
316L,316L,1.4,750,8.46,0.0165,14.40473194,320.1,243,1115.8,441303.9,131.2,NaN,0.43,Desirable Shape
316L,316L,1.4,750,12.69,0.0059,9.603154629,222.4,440.5,1308.3,596413.7,147.3,NaN,0.66,Undesirable Shape
316L,316L,1.4,750,12.69,0.0071,9.603154629,204,452.4,1219.6,519081,141.8,NaN,0.69,Undesirable Shape
316L,316L,1.4,750,12.69,0.0083,9.603154629,209.4,379.8,1285.6,520381.8,141.1,NaN,0.64,Undesirable Shape
316L,316L,1.4,750,12.69,0.0094,9.603154629,223.5,397.1,1200.3,526215.1,156.9,NaN,0.64,Undesirable Shape
316L,316L,1.4,750,12.69,0.0106,9.603154629,261.5,378.7,1246.8,545327.8,149.1,NaN,0.59,Undesirable Shape
316L,316L,1.4,750,12.69,0.0118,9.603154629,270.2,391.8,1185.4,554593.9,132.5,NaN,0.59,Undesirable Shape
316L,316L,1.4,750,12.69,0.013,9.603154629,327.7,392.8,1262.8,623210.9,140.4,NaN,0.55,Undesirable Shape
316L,316L,1.4,750,12.69,0.0142,9.603154629,324.4,363.5,1176.6,568338.9,137.5,NaN,0.53,Undesirable Shape
316L,316L,1.4,750,12.69,0.0154,9.603154629,359.1,386.3,1269.8,681629.8,155.3,NaN,0.52,Undesirable Shape
316L,316L,1.4,750,12.69,0.0165,9.603154629,401.5,339.7,1131.2,649565.2,129.6,NaN,0.46,Desirable Shape
316L,316L,1.4,800,4.23,0.0059,30.73009481,176.57,494.66,1380.75,227000,147.65,3511.41,0.74,Undesirable Shape
316L,316L,1.4,800,4.23,0.0071,30.73009481,207.38,514.44,1417.66,241000,149.56,3605.66,0.71,Undesirable Shape
316L,316L,1.4,800,4.23,0.0083,30.73009481,236.81,545.17,1454,256000,145.45,3698.6,0.7,Undesirable Shape
316L,316L,1.4,800,4.23,0.0094,30.73009481,263.74,571.39,1485.15,269000,146.97,3784.57,0.68,Undesirable Shape
316L,316L,1.4,800,4.23,0.0106,30.73009481,290.09,598.25,1522.86,282000,143.87,3867.3,0.67,Undesirable Shape
316L,316L,1.4,800,4.23,0.0118,30.73009481,314.85,622.95,1553.81,294000,145.2,3947.08,0.66,Undesirable Shape
316L,316L,1.4,800,8.46,0.0059,15.36504741,146.88,396.45,1203.07,158000,156.08,3248.18,0.73,Undesirable Shape
316L,316L,1.4,800,8.46,0.0071,15.36504741,172.31,422.59,1226.92,168000,152.43,3332.36,0.71,Undesirable Shape
316L,316L,1.4,800,8.46,0.0083,15.36504741,196.1,446.42,1260.85,178000,152.06,3413.17,0.69,Undesirable Shape
316L,316L,1.4,800,8.46,0.0094,15.36504741,218.86,469.54,1286.19,188000,150.44,3493.85,0.68,Undesirable Shape
316L,316L,1.4,800,8.46,0.0106,15.36504741,240.01,490.46,1308.55,197000,149.85,3570.36,0.67,Undesirable Shape
316L,316L,1.4,800,8.46,0.0118,15.36504741,259.83,500.98,1336.63,206000,148.7,3642.84,0.66,Undesirable Shape
316L,316L,1.4,800,12.69,0.0059,10.24336494,129.06,315.46,1042.87,109000,155.02,3003.97,0.71,Undesirable Shape
316L,316L,1.4,800,12.69,0.0071,10.24336494,151.18,337.41,1070.5,117000,154.83,3084.72,0.69,Undesirable Shape
316L,316L,1.4,800,12.69,0.0083,10.24336494,172.11,358.45,1096.68,124000,152.5,3163.5,0.68,Undesirable Shape
316L,316L,1.4,800,12.69,0.0094,10.24336494,191.84,377.94,1118.83,132000,150.85,3240.51,0.66,Undesirable Shape
316L,316L,1.4,800,12.69,0.0106,10.24336494,210.31,396.34,1139.32,138000,150.08,3314.62,0.65,Undesirable Shape
316L,316L,1.4,800,12.69,0.0118,10.24336494,227.47,413.58,1166.11,145000,148.69,3382.14,0.65,Undesirable Shape
316L,316L,1.4,850,4.23,0.0059,32.65072574,180.51,522.31,1438.29,251000,149.96,3687.65,0.74,Undesirable Shape
316L,316L,1.4,850,4.23,0.0071,32.65072574,211.71,541.01,1468.3,267000,149.89,3785.19,0.72,Undesirable Shape
316L,316L,1.4,850,4.23,0.0083,32.65072574,241.84,573.57,1503.6,282000,149.13,3882.57,0.7,Undesirable Shape
316L,316L,1.4,850,4.23,0.0094,32.65072574,269.99,603.31,1536.98,296000,146.78,3969.29,0.69,Undesirable Shape
316L,316L,1.4,850,4.23,0.0106,32.65072574,296.99,630.96,1573.6,309000,144.94,4055.74,0.68,Undesirable Shape
316L,316L,1.4,850,4.23,0.0118,32.65072574,322.53,657.01,1606.93,322000,145.74,4137.36,0.67,Undesirable Shape
316L,316L,1.4,850,8.46,0.0059,16.32536287,152.69,428.06,1255.97,180000,155.2,3424.51,0.74,Undesirable Shape
316L,316L,1.4,850,8.46,0.0071,16.32536287,179.01,454.66,1285.99,190000,153.58,3513.25,0.72,Undesirable Shape
316L,316L,1.4,850,8.46,0.0083,16.32536287,202.9,479.41,1314.26,201000,152.8,3595.29,0.7,Undesirable Shape
316L,316L,1.4,850,8.46,0.0094,16.32536287,226.3,493.27,1345.87,211000,151.23,3678.98,0.69,Undesirable Shape
316L,316L,1.4,850,8.46,0.0106,16.32536287,248.43,516.59,1374.42,221000,149.23,3758.78,0.68,Undesirable Shape
316L,316L,1.4,850,8.46,0.0118,16.32536287,269.08,536.41,1390.24,230000,149.77,3835.5,0.67,Undesirable Shape
316L,316L,1.4,850,12.69,0.0059,10.88357525,134.92,347.53,1110.59,126000,153.74,3166.45,0.72,Undesirable Shape
316L,316L,1.4,850,12.69,0.0071,10.88357525,158.14,370.7,1135.83,135000,154.42,3254.04,0.7,Undesirable Shape
316L,316L,1.4,850,12.69,0.0083,10.88357525,180.28,384.53,1158.51,144000,152.59,3341.59,0.68,Undesirable Shape
316L,316L,1.4,850,12.69,0.0094,10.88357525,200.98,404.81,1180.36,151000,149.81,3420.79,0.67,Undesirable Shape
316L,316L,1.4,850,12.69,0.0106,10.88357525,220.44,425.42,1207.22,159000,150.04,3498.44,0.66,Undesirable Shape
316L,316L,1.4,850,12.69,0.0118,10.88357525,238.13,443.65,1229.94,166000,149.42,3569.34,0.65,Undesirable Shape
316L,316L,1.4,900,4.23,0.0059,34.57135666,184.24,555.44,1483.32,275000,148.6,3862.63,0.75,Undesirable Shape
316L,316L,1.4,900,4.23,0.0071,34.57135666,216.44,575.48,1520.57,291000,150.03,3963.09,0.73,Undesirable Shape
316L,316L,1.4,900,4.23,0.0083,34.57135666,247.14,606.66,1556.61,306000,147.27,4061.83,0.71,Undesirable Shape
316L,316L,1.4,900,4.23,0.0094,34.57135666,275.97,637.06,1589.27,320000,146.43,4150.59,0.7,Undesirable Shape
316L,316L,1.4,900,4.23,0.0106,34.57135666,303.55,664.83,1619.42,335000,145.2,4240.62,0.69,Undesirable Shape
316L,316L,1.4,900,4.23,0.0118,34.57135666,329.6,691.16,1646.13,348000,145.38,4324.88,0.68,Undesirable Shape
316L,316L,1.4,900,8.46,0.0059,17.28567833,155.96,458.05,1307.38,200000,155.52,3585.13,0.75,Undesirable Shape
316L,316L,1.4,900,8.46,0.0071,17.28567833,182.98,476.33,1338.09,212000,153.46,3680.68,0.72,Undesirable Shape
316L,316L,1.4,900,8.46,0.0083,17.28567833,208.64,503.78,1365.87,223000,153.65,3771.31,0.71,Undesirable Shape
316L,316L,1.4,900,8.46,0.0094,17.28567833,232.89,524.97,1398.94,233000,149.63,3859.83,0.69,Undesirable Shape
316L,316L,1.4,900,8.46,0.0106,17.28567833,254.89,547.6,1426.5,243000,151.4,3937.9,0.68,Undesirable Shape
316L,316L,1.4,900,8.46,0.0118,17.28567833,276.15,569.43,1444.11,253000,149.94,4016.34,0.67,Undesirable Shape
316L,316L,1.4,900,12.69,0.0059,11.52378555,140.04,370.93,1162.87,144000,156.77,3332.73,0.73,Undesirable Shape
316L,316L,1.4,900,12.69,0.0071,11.52378555,164.42,396.6,1188.77,153000,153.87,3424.42,0.71,Undesirable Shape
316L,316L,1.4,900,12.69,0.0083,11.52378555,187.34,416.45,1218.66,162000,152.43,3511.39,0.69,Undesirable Shape
316L,316L,1.4,900,12.69,0.0094,11.52378555,208.75,438.44,1246,170000,150.71,3596.56,0.68,Undesirable Shape
316L,316L,1.4,900,12.69,0.0106,11.52378555,228.94,450.64,1261.86,179000,150.72,3678.54,0.66,Undesirable Shape
316L,316L,1.4,900,12.69,0.0118,11.52378555,247.06,468.21,1285.62,186000,148.9,3750.5,0.65,Undesirable Shape
316L,316L,1.4,950,4.23,0.0059,36.49198759,187.22,573.56,1526.24,298000,152.28,4029.88,0.75,Undesirable Shape
316L,316L,1.4,950,4.23,0.0071,36.49198759,220.2,608.03,1560.36,314000,149.91,4133.64,0.73,Undesirable Shape
316L,316L,1.4,950,4.23,0.0083,36.49198759,251.27,639.43,1593.23,330000,148.81,4231.71,0.72,Undesirable Shape
316L,316L,1.4,950,4.23,0.0094,36.49198759,281.06,660.09,1631.1,344000,144.36,4326.8,0.7,Undesirable Shape
316L,316L,1.4,950,4.23,0.0106,36.49198759,309.29,687,1662.7,359000,146.95,4417.59,0.69,Undesirable Shape
316L,316L,1.4,950,4.23,0.0118,36.49198759,336.04,715.28,1694.59,372000,144.43,4505.68,0.68,Undesirable Shape
316L,316L,1.4,950,8.46,0.0059,18.24599379,159.77,478.46,1359.45,221000,157.88,3755.49,0.75,Undesirable Shape
316L,316L,1.4,950,8.46,0.0071,18.24599379,187.38,505.2,1383.57,232000,154.4,3848.72,0.73,Undesirable Shape
316L,316L,1.4,950,8.46,0.0083,18.24599379,213.55,532.61,1418.88,243000,152.64,3943.51,0.71,Undesirable Shape
316L,316L,1.4,950,8.46,0.0094,18.24599379,238.14,549.82,1443.96,254000,153.02,4033.19,0.7,Undesirable Shape
316L,316L,1.4,950,8.46,0.0106,18.24599379,261.39,573.21,1467.78,265000,151.38,4119.95,0.69,Undesirable Shape
316L,316L,1.4,950,8.46,0.0118,18.24599379,283.07,595.85,1497.35,275000,151.12,4199.83,0.68,Undesirable Shape
316L,316L,1.4,950,12.69,0.0059,12.16399586,144.62,400.49,1215.66,160000,157.13,3490.22,0.73,Undesirable Shape
316L,316L,1.4,950,12.69,0.0071,12.16399586,169.41,418.62,1241.97,170000,154.37,3586.59,0.71,Undesirable Shape
316L,316L,1.4,950,12.69,0.0083,12.16399586,192.93,443.48,1264.82,180000,153.76,3677.94,0.7,Undesirable Shape
316L,316L,1.4,950,12.69,0.0094,12.16399586,215.05,465.35,1287.47,188000,151.69,3766.97,0.68,Undesirable Shape
316L,316L,1.4,950,12.69,0.0106,12.16399586,235.71,486.04,1315.42,197000,151.32,3850.15,0.67,Undesirable Shape
316L,316L,1.4,950,12.69,0.0118,12.16399586,255.25,506.15,1339.34,205000,149.69,3931.19,0.66,Undesirable Shape
316L,316L,1.4,1000,4.23,0.0059,38.41261851,190.34,593.14,1566.61,320000,150.02,4195.47,0.76,Undesirable Shape
316L,316L,1.4,1000,4.23,0.0071,38.41261851,223.78,631.29,1598,337000,149.33,4301.52,0.74,Undesirable Shape
316L,316L,1.4,1000,4.23,0.0083,38.41261851,255.67,645.34,1634.54,352000,145.68,4402.52,0.72,Undesirable Shape
316L,316L,1.4,1000,4.23,0.0094,38.41261851,286.09,681.03,1666.91,368000,146.54,4499.43,0.7,Undesirable Shape
316L,316L,1.4,1000,4.23,0.0106,38.41261851,314.86,709.91,1698.71,381000,143.85,4590.54,0.69,Undesirable Shape
316L,316L,1.4,1000,4.23,0.0118,38.41261851,342.04,738.72,1724,396000,146.13,4677.18,0.68,Undesirable Shape
316L,316L,1.4,1000,8.46,0.0059,19.20630926,162.61,507.63,1399.33,239000,158.22,3912.1,0.76,Undesirable Shape
316L,316L,1.4,1000,8.46,0.0071,19.20630926,190.85,529.9,1427.29,252000,155.5,4013.77,0.74,Undesirable Shape
316L,316L,1.4,1000,8.46,0.0083,19.20630926,217.62,557.41,1459.59,263000,152.35,4109.63,0.72,Undesirable Shape
316L,316L,1.4,1000,8.46,0.0094,19.20630926,242.87,583.27,1488.18,275000,152.61,4202.42,0.71,Undesirable Shape
316L,316L,1.4,1000,8.46,0.0106,19.20630926,266.05,596.24,1513.65,286000,151.51,4287.57,0.69,Undesirable Shape
316L,316L,1.4,1000,8.46,0.0118,19.20630926,288.42,622.11,1539.24,296000,149.79,4369.44,0.68,Undesirable Shape
316L,316L,1.4,1000,12.69,0.0059,12.80420617,148.47,425.44,1253.11,177000,157.99,3647.66,0.74,Undesirable Shape
316L,316L,1.4,1000,12.69,0.0071,12.80420617,174.11,443.16,1282.7,187000,154.68,3748.09,0.72,Undesirable Shape
316L,316L,1.4,1000,12.69,0.0083,12.80420617,198.33,469.26,1310.07,197000,153.61,3845.17,0.7,Undesirable Shape
316L,316L,1.4,1000,12.69,0.0094,12.80420617,221.2,488.84,1334.3,206000,152.93,3938.42,0.69,Undesirable Shape
316L,316L,1.4,1000,12.69,0.0106,12.80420617,242.58,509.63,1356.92,215000,150.99,4029.17,0.68,Undesirable Shape
316L,316L,1.4,1000,12.69,0.0118,12.80420617,261.67,522.9,1385.03,224000,149.16,4102.38,0.67,Undesirable Shape
316L,316L,1.4,1050,4.23,0.0059,40.33324944,193.31,615.1,1602.81,340000,151.26,4358.07,0.76,Undesirable Shape
316L,316L,1.4,1050,4.23,0.0071,40.33324944,227.27,651.12,1629.66,357000,150.66,4464.34,0.74,Undesirable Shape
316L,316L,1.4,1050,4.23,0.0083,40.33324944,259.66,686.44,1670.06,374000,147.17,4570.22,0.73,Undesirable Shape
316L,316L,1.4,1050,4.23,0.0094,40.33324944,290.49,707.86,1700.47,389000,146.8,4663.8,0.71,Undesirable Shape
316L,316L,1.4,1050,4.23,0.0106,40.33324944,319.74,734.23,1740.39,404000,146.16,4757.03,0.7,Undesirable Shape
316L,316L,1.4,1050,4.23,0.0118,40.33324944,347.56,743.81,1771.83,418000,145.25,4845.17,0.68,Undesirable Shape
316L,316L,1.4,1050,8.46,0.0059,20.16662472,165.48,531.45,1436.49,258000,158.67,4075.06,0.76,Undesirable Shape
316L,316L,1.4,1050,8.46,0.0071,20.16662472,194.12,552.95,1467.7,270000,156.02,4174.77,0.74,Undesirable Shape
316L,316L,1.4,1050,8.46,0.0083,20.16662472,221.36,578.09,1496.39,283000,155.33,4272.83,0.72,Undesirable Shape
316L,316L,1.4,1050,8.46,0.0094,20.16662472,246.59,595.61,1522.2,294000,153.1,4363.81,0.71,Undesirable Shape
316L,316L,1.4,1050,8.46,0.0106,20.16662472,270.71,621.76,1546.58,306000,151.96,4452.55,0.7,Undesirable Shape
316L,316L,1.4,1050,8.46,0.0118,20.16662472,293.35,644.55,1576.82,316000,151.37,4537.3,0.69,Undesirable Shape
316L,316L,1.4,1050,12.69,0.0059,13.44441648,151.68,439.7,1304.97,192000,158.66,3802.45,0.74,Undesirable Shape
316L,316L,1.4,1050,12.69,0.0071,13.44441648,177.72,466.48,1320.52,203000,155.88,3904.74,0.72,Undesirable Shape
316L,316L,1.4,1050,12.69,0.0083,13.44441648,202.56,491.47,1351.22,213000,154.22,4003.9,0.71,Undesirable Shape
316L,316L,1.4,1050,12.69,0.0094,13.44441648,225.82,506.15,1378.87,223000,152.69,4099.43,0.69,Undesirable Shape
316L,316L,1.4,1050,12.69,0.0106,13.44441648,247.56,528.54,1403.72,233000,151.54,4189.74,0.68,Undesirable Shape
316L,316L,1.4,1050,12.69,0.0118,13.44441648,267.51,550.32,1427.59,241000,149.38,4270.66,0.67,Undesirable Shape
316L,316L,1.4,1100,4.23,0.0059,42.25388037,196.13,639.95,1627.33,360000,151.74,4515.08,0.77,Undesirable Shape
316L,316L,1.4,1100,4.23,0.0071,42.25388037,230.71,676.57,1661.86,377000,149.31,4623.79,0.75,Undesirable Shape
316L,316L,1.4,1100,4.23,0.0083,42.25388037,263.7,696.95,1702.59,395000,148.63,4728.06,0.73,Undesirable Shape
316L,316L,1.4,1100,4.23,0.0094,42.25388037,294.96,730.2,1731.23,410000,147.09,4826.49,0.71,Undesirable Shape
316L,316L,1.4,1100,4.23,0.0106,42.25388037,324.78,762.31,1765.18,425000,148.2,4920.63,0.7,Undesirable Shape
316L,316L,1.4,1100,4.23,0.0118,42.25388037,352.76,776.42,1803.94,439000,145.07,5006.09,0.69,Undesirable Shape
316L,316L,1.4,1100,8.46,0.0059,21.12694018,167.9,551.42,1477.37,276000,157.61,4228.86,0.77,Undesirable Shape
316L,316L,1.4,1100,8.46,0.0071,21.12694018,196.95,574.65,1504.88,289000,157.94,4333.02,0.74,Undesirable Shape
316L,316L,1.4,1100,8.46,0.0083,21.12694018,224.46,603.07,1530.48,301000,154.21,4431.77,0.73,Undesirable Shape
316L,316L,1.4,1100,8.46,0.0094,21.12694018,250.47,620.34,1554.84,314000,153.36,4529.11,0.71,Undesirable Shape
316L,316L,1.4,1100,8.46,0.0106,21.12694018,274.98,643.11,1585.07,325000,152.15,4616.24,0.7,Undesirable Shape
316L,316L,1.4,1100,8.46,0.0118,21.12694018,298.24,666.44,1611.45,336000,150.75,4702.58,0.69,Undesirable Shape
316L,316L,1.4,1100,12.69,0.0059,14.08462679,155.02,464.06,1331.09,207000,159.04,3955.67,0.75,Undesirable Shape
316L,316L,1.4,1100,12.69,0.0071,14.08462679,180.9,487.37,1361,219000,156.26,4057.06,0.73,Undesirable Shape
316L,316L,1.4,1100,12.69,0.0083,14.08462679,206.1,513.31,1388.73,230000,153.83,4163,0.71,Undesirable Shape
316L,316L,1.4,1100,12.69,0.0094,14.08462679,229.94,531.02,1412.87,240000,153.83,4258.51,0.7,Undesirable Shape
316L,316L,1.4,1100,12.69,0.0106,14.08462679,252.22,553.65,1436.82,249000,152.1,4349.36,0.69,Undesirable Shape
316L,316L,1.4,1100,12.69,0.0118,14.08462679,272.72,574.36,1465.5,258000,150.03,4434.31,0.68,Undesirable Shape
316L,316L,1.4,1150,4.23,0.0059,44.17451129,198.94,663.47,1660.71,379000,150.78,4668.54,0.77,Undesirable Shape
316L,316L,1.4,1150,4.23,0.0071,44.17451129,234,685.74,1697.78,397000,152.34,4779.59,0.75,Undesirable Shape
316L,316L,1.4,1150,4.23,0.0083,44.17451129,267.58,725.35,1734.42,414000,148.2,4884.19,0.73,Undesirable Shape
316L,316L,1.4,1150,4.23,0.0094,44.17451129,299.15,738.94,1766.58,430000,149.96,4983.65,0.71,Undesirable Shape
316L,316L,1.4,1150,4.23,0.0106,44.17451129,329.56,773.79,1800.63,445000,145.31,5077.69,0.7,Undesirable Shape
316L,316L,1.4,1150,4.23,0.0118,44.17451129,357.98,804.42,1828.28,460000,140.72,5165.25,0.69,Undesirable Shape
316L,316L,1.4,1150,8.46,0.0059,22.08725565,170.31,566.87,1502.45,293000,159,4382.71,0.77,Undesirable Shape
316L,316L,1.4,1150,8.46,0.0071,22.08725565,199.58,594.99,1530.61,307000,156.97,4487.36,0.75,Undesirable Shape
316L,316L,1.4,1150,8.46,0.0083,22.08725565,227.63,617.05,1563.44,319000,153.64,4586.21,0.73,Undesirable Shape
316L,316L,1.4,1150,8.46,0.0094,22.08725565,254.14,644.33,1592.72,332000,152.37,4683.49,0.72,Undesirable Shape
316L,316L,1.4,1150,8.46,0.0106,22.08725565,279.2,670.65,1610.91,343000,153.33,4778.68,0.71,Undesirable Shape
316L,316L,1.4,1150,8.46,0.0118,22.08725565,302.21,685.89,1644.66,354000,150.94,4859.22,0.69,Undesirable Shape
316L,316L,1.4,1150,12.69,0.0059,14.7248371,157.4,485.09,1371.73,223000,158.36,4106.78,0.76,Undesirable Shape
316L,316L,1.4,1150,12.69,0.0071,14.7248371,184.49,504.88,1398.66,234000,157.15,4212.15,0.73,Undesirable Shape
316L,316L,1.4,1150,12.69,0.0083,14.7248371,210.1,531.92,1422.52,245000,155.03,4316.62,0.72,Undesirable Shape
316L,316L,1.4,1150,12.69,0.0094,14.7248371,234.28,553.34,1445.78,255000,153.67,4418.4,0.7,Undesirable Shape
316L,316L,1.4,1150,12.69,0.0106,14.7248371,257.09,568.99,1475.06,265000,152.65,4512.93,0.69,Undesirable Shape
316L,316L,1.4,1150,12.69,0.0118,14.7248371,278.24,590.74,1500.11,275000,151.31,4602.53,0.68,Undesirable Shape
316L,316L,1.4,1200,4.23,0.0059,46.09514222,201.76,676.27,1691.81,398000,151.94,4819.44,0.77,Undesirable Shape
316L,316L,1.4,1200,4.23,0.0071,46.09514222,236.91,713.44,1730.73,416000,152.05,4930.8,0.75,Undesirable Shape
316L,316L,1.4,1200,4.23,0.0083,46.09514222,270.86,739.7,1756.61,432000,143.13,5033.64,0.73,Undesirable Shape
316L,316L,1.4,1200,4.23,0.0094,46.09514222,303.33,774.55,1784.15,448000,140.08,5134.45,0.72,Undesirable Shape
316L,316L,1.4,1200,4.23,0.0106,46.09514222,334.11,788.45,1815.27,464000,137.98,5228.54,0.7,Undesirable Shape
316L,316L,1.4,1200,4.23,0.0118,46.09514222,363.32,819.13,1843.06,479000,137.25,5318.57,0.69,Undesirable Shape
316L,316L,1.4,1200,8.46,0.0059,23.04757111,172.45,589.84,1540.71,310000,159.26,4532.87,0.77,Undesirable Shape
316L,316L,1.4,1200,8.46,0.0071,23.04757111,202.35,612.9,1564.82,323000,156.15,4636.32,0.75,Undesirable Shape
316L,316L,1.4,1200,8.46,0.0083,23.04757111,230.43,638.41,1589.4,337000,152.58,4738.13,0.73,Undesirable Shape
316L,316L,1.4,1200,8.46,0.0094,23.04757111,257.24,659.17,1618.61,349000,153.24,4835.6,0.72,Undesirable Shape
316L,316L,1.4,1200,8.46,0.0106,23.04757111,282.55,685.49,1644.65,361000,152.66,4927.55,0.71,Undesirable Shape
316L,316L,1.4,1200,8.46,0.0118,23.04757111,306.37,709.46,1670.61,372000,148.84,5016.22,0.7,Undesirable Shape
316L,316L,1.4,1200,12.69,0.0059,15.36504741,159.17,498.68,1397.38,237000,158.72,4246.69,0.76,Undesirable Shape
316L,316L,1.4,1200,12.69,0.0071,15.36504741,186.55,527.27,1424.61,248000,156.86,4356.21,0.74,Undesirable Shape
316L,316L,1.4,1200,12.69,0.0083,15.36504741,212.58,546.19,1455.71,259000,154.97,4463.73,0.72,Undesirable Shape
316L,316L,1.4,1200,12.69,0.0094,15.36504741,237.23,568.24,1483.97,271000,152.88,4564.54,0.71,Undesirable Shape
316L,316L,1.4,1200,12.69,0.0106,15.36504741,260.17,591.79,1501.33,281000,152.06,4660.72,0.69,Undesirable Shape
316L,316L,1.4,1200,12.69,0.0118,15.36504741,281.62,605.35,1533.77,291000,151.42,4751.27,0.68,Undesirable Shape
316L,316L,1.4,1250,4.23,0.0059,48.01577314,204,689.8,1712.59,415000,146.65,4962.22,0.77,Undesirable Shape
316L,316L,1.4,1250,4.23,0.0071,48.01577314,240.11,727.05,1738.85,433000,140.95,5075.63,0.75,Undesirable Shape
316L,316L,1.4,1250,4.23,0.0083,48.01577314,274.54,749.52,1769,450000,138.35,5181.37,0.73,Undesirable Shape
316L,316L,1.4,1250,4.23,0.0094,48.01577314,307.4,787.93,1798.22,465000,137.39,5280.95,0.72,Undesirable Shape
316L,316L,1.4,1250,4.23,0.0106,48.01577314,338.66,804.93,1829.78,480000,136.64,5376.36,0.7,Undesirable Shape
316L,316L,1.4,1250,4.23,0.0118,48.01577314,368.34,835.09,1860.56,495000,136.25,5466.08,0.69,Undesirable Shape
316L,316L,1.4,1250,8.46,0.0059,24.00788657,174.54,603.75,1565.77,326000,159.35,4678.12,0.78,Undesirable Shape
316L,316L,1.4,1250,8.46,0.0071,24.00788657,204.55,634.26,1590.19,339000,156.57,4780.99,0.76,Undesirable Shape
316L,316L,1.4,1250,8.46,0.0083,24.00788657,233.25,655.95,1614.44,353000,153.51,4888.52,0.74,Undesirable Shape
316L,316L,1.4,1250,8.46,0.0094,24.00788657,260.39,681.89,1644.35,365000,151.92,4984.91,0.72,Undesirable Shape
316L,316L,1.4,1250,8.46,0.0106,24.00788657,286,700.15,1670.44,378000,151.89,5080.45,0.71,Undesirable Shape
316L,316L,1.4,1250,8.46,0.0118,24.00788657,310.07,725.07,1695.33,390000,151.77,5167.7,0.7,Undesirable Shape
316L,316L,1.4,1250,12.69,0.0059,16.00525771,161.28,519.38,1434.72,250000,160.4,4388.25,0.76,Undesirable Shape
316L,316L,1.4,1250,12.69,0.0071,16.00525771,189.17,541.69,1457.92,263000,157.92,4505.25,0.74,Undesirable Shape
316L,316L,1.4,1250,12.69,0.0083,16.00525771,215.68,569.45,1481.27,274000,156.09,4612.45,0.73,Undesirable Shape
316L,316L,1.4,1250,12.69,0.0094,16.00525771,239.96,584.78,1509.91,285000,154.43,4711.2,0.71,Undesirable Shape
316L,316L,1.4,1250,12.69,0.0106,16.00525771,263.44,609.76,1535.26,296000,153.22,4810.17,0.7,Undesirable Shape
316L,316L,1.4,1250,12.69,0.0118,16.00525771,285.25,629.74,1559.99,306000,151.04,4900.36,0.69,Undesirable Shape